"Date","Time (GMT)","Predicted (ft)","Preliminary (ft)","Verified (ft)"
"2021/10/31","00:00","4.525","-","4.67"
"2021/10/31","00:06","4.589","-","4.75"
"2021/10/31","00:12","4.655","-","4.81"
"2021/10/31","00:18","4.721","-","4.89"
"2021/10/31","00:24","4.788","-","4.97"
"2021/10/31","00:30","4.855","-","5.05"
"2021/10/31","00:36","4.923","-","5.13"
"2021/10/31","00:42","4.992","-","5.21"
"2021/10/31","00:48","5.061","-","5.29"
"2021/10/31","00:54","5.131","-","5.37"
"2021/10/31","01:00","5.201","-","5.44"
"2021/10/31","01:06","5.271","-","5.53"
"2021/10/31","01:12","5.341","-","5.6"
"2021/10/31","01:18","5.411","-","5.67"
"2021/10/31","01:24","5.482","-","5.75"
"2021/10/31","01:30","5.552","-","5.82"
"2021/10/31","01:36","5.622","-","5.9"
"2021/10/31","01:42","5.692","-","5.98"
"2021/10/31","01:48","5.761","-","6.06"
"2021/10/31","01:54","5.83","-","6.14"
"2021/10/31","02:00","5.897","-","6.2"
"2021/10/31","02:06","5.964","-","6.28"
"2021/10/31","02:12","6.029","-","6.36"
"2021/10/31","02:18","6.093","-","6.42"
"2021/10/31","02:24","6.156","-","6.49"
"2021/10/31","02:30","6.216","-","6.56"
"2021/10/31","02:36","6.274","-","6.63"
"2021/10/31","02:42","6.33","-","6.67"
"2021/10/31","02:48","6.383","-","6.74"
"2021/10/31","02:54","6.433","-","6.77"
"2021/10/31","03:00","6.48","-","6.82"
"2021/10/31","03:06","6.523","-","6.87"
"2021/10/31","03:12","6.563","-","6.9"
"2021/10/31","03:18","6.598","-","6.93"
"2021/10/31","03:24","6.629","-","6.94"
"2021/10/31","03:30","6.655","-","6.98"
"2021/10/31","03:36","6.676","-","7"
"2021/10/31","03:42","6.692","-","7"
"2021/10/31","03:48","6.703","-","7.01"
"2021/10/31","03:54","6.708","-","6.97"
"2021/10/31","04:00","6.707","-","6.97"
"2021/10/31","04:06","6.701","-","6.95"
"2021/10/31","04:12","6.688","-","6.94"
"2021/10/31","04:18","6.669","-","6.89"
"2021/10/31","04:24","6.644","-","6.85"
"2021/10/31","04:30","6.613","-","6.82"
"2021/10/31","04:36","6.575","-","6.75"
"2021/10/31","04:42","6.531","-","6.7"
"2021/10/31","04:48","6.481","-","6.67"
"2021/10/31","04:54","6.424","-","6.59"
"2021/10/31","05:00","6.362","-","6.52"
"2021/10/31","05:06","6.294","-","6.45"
"2021/10/31","05:12","6.22","-","6.37"
"2021/10/31","05:18","6.141","-","6.29"
"2021/10/31","05:24","6.056","-","6.21"
"2021/10/31","05:30","5.967","-","6.15"
"2021/10/31","05:36","5.873","-","6.06"
"2021/10/31","05:42","5.775","-","5.98"
"2021/10/31","05:48","5.673","-","5.89"
"2021/10/31","05:54","5.568","-","5.8"
"2021/10/31","06:00","5.459","-","5.72"
"2021/10/31","06:06","5.347","-","5.61"
"2021/10/31","06:12","5.233","-","5.53"
"2021/10/31","06:18","5.116","-","5.4"
"2021/10/31","06:24","4.998","-","5.3"
"2021/10/31","06:30","4.878","-","5.17"
"2021/10/31","06:36","4.757","-","5.06"
"2021/10/31","06:42","4.634","-","4.94"
"2021/10/31","06:48","4.511","-","4.83"
"2021/10/31","06:54","4.386","-","4.69"
"2021/10/31","07:00","4.262","-","4.56"
"2021/10/31","07:06","4.137","-","4.43"
"2021/10/31","07:12","4.012","-","4.31"
"2021/10/31","07:18","3.887","-","4.2"
"2021/10/31","07:24","3.762","-","4.1"
"2021/10/31","07:30","3.637","-","3.98"
"2021/10/31","07:36","3.513","-","3.84"
"2021/10/31","07:42","3.389","-","3.72"
"2021/10/31","07:48","3.266","-","3.6"
"2021/10/31","07:54","3.143","-","3.46"
"2021/10/31","08:00","3.021","-","3.36"
"2021/10/31","08:06","2.901","-","3.25"
"2021/10/31","08:12","2.781","-","3.14"
"2021/10/31","08:18","2.663","-","3.02"
"2021/10/31","08:24","2.547","-","2.91"
"2021/10/31","08:30","2.433","-","2.78"
"2021/10/31","08:36","2.321","-","2.67"
"2021/10/31","08:42","2.212","-","2.55"
"2021/10/31","08:48","2.106","-","2.43"
"2021/10/31","08:54","2.003","-","2.33"
"2021/10/31","09:00","1.904","-","2.24"
"2021/10/31","09:06","1.809","-","2.13"
"2021/10/31","09:12","1.718","-","2.04"
"2021/10/31","09:18","1.633","-","1.95"
"2021/10/31","09:24","1.553","-","1.89"
"2021/10/31","09:30","1.479","-","1.8"
"2021/10/31","09:36","1.411","-","1.73"
"2021/10/31","09:42","1.35","-","1.68"
"2021/10/31","09:48","1.295","-","1.62"
"2021/10/31","09:54","1.248","-","1.56"
"2021/10/31","10:00","1.209","-","1.5"
"2021/10/31","10:06","1.177","-","1.43"
"2021/10/31","10:12","1.152","-","1.4"
"2021/10/31","10:18","1.136","-","1.39"
"2021/10/31","10:24","1.128","-","1.39"
"2021/10/31","10:30","1.128","-","1.38"
"2021/10/31","10:36","1.135","-","1.37"
"2021/10/31","10:42","1.151","-","1.36"
"2021/10/31","10:48","1.174","-","1.39"
"2021/10/31","10:54","1.205","-","1.42"
"2021/10/31","11:00","1.244","-","1.44"
"2021/10/31","11:06","1.289","-","1.45"
"2021/10/31","11:12","1.341","-","1.49"
"2021/10/31","11:18","1.399","-","1.55"
"2021/10/31","11:24","1.464","-","1.59"
"2021/10/31","11:30","1.534","-","1.66"
"2021/10/31","11:36","1.61","-","1.72"
"2021/10/31","11:42","1.691","-","1.81"
"2021/10/31","11:48","1.776","-","1.89"
"2021/10/31","11:54","1.866","-","1.99"
"2021/10/31","12:00","1.96","-","2.06"
"2021/10/31","12:06","2.057","-","2.15"
"2021/10/31","12:12","2.158","-","2.23"
"2021/10/31","12:18","2.261","-","2.33"
"2021/10/31","12:24","2.368","-","2.42"
"2021/10/31","12:30","2.477","-","2.52"
"2021/10/31","12:36","2.588","-","2.65"
"2021/10/31","12:42","2.702","-","2.76"
"2021/10/31","12:48","2.818","-","2.89"
"2021/10/31","12:54","2.935","-","3.01"
"2021/10/31","13:00","3.054","-","3.12"
"2021/10/31","13:06","3.175","-","3.26"
"2021/10/31","13:12","3.297","-","3.37"
"2021/10/31","13:18","3.421","-","3.5"
"2021/10/31","13:24","3.545","-","3.62"
"2021/10/31","13:30","3.671","-","3.74"
"2021/10/31","13:36","3.798","-","3.88"
"2021/10/31","13:42","3.925","-","4.02"
"2021/10/31","13:48","4.053","-","4.14"
"2021/10/31","13:54","4.182","-","4.27"
"2021/10/31","14:00","4.311","-","4.4"
"2021/10/31","14:06","4.44","-","4.55"
"2021/10/31","14:12","4.57","-","4.68"
"2021/10/31","14:18","4.699","-","4.81"
"2021/10/31","14:24","4.828","-","4.93"
"2021/10/31","14:30","4.957","-","5.08"
"2021/10/31","14:36","5.084","-","5.21"
"2021/10/31","14:42","5.211","-","5.33"
"2021/10/31","14:48","5.336","-","5.46"
"2021/10/31","14:54","5.46","-","5.59"
"2021/10/31","15:00","5.582","-","5.72"
"2021/10/31","15:06","5.702","-","5.85"
"2021/10/31","15:12","5.819","-","5.96"
"2021/10/31","15:18","5.934","-","6.08"
"2021/10/31","15:24","6.045","-","6.19"
"2021/10/31","15:30","6.153","-","6.3"
"2021/10/31","15:36","6.258","-","6.42"
"2021/10/31","15:42","6.358","-","6.52"
"2021/10/31","15:48","6.454","-","6.63"
"2021/10/31","15:54","6.545","-","6.72"
"2021/10/31","16:00","6.632","-","6.82"
"2021/10/31","16:06","6.713","-","6.91"
"2021/10/31","16:12","6.789","-","7"
"2021/10/31","16:18","6.859","-","7.07"
"2021/10/31","16:24","6.923","-","7.15"
"2021/10/31","16:30","6.981","-","7.23"
"2021/10/31","16:36","7.032","-","7.31"
"2021/10/31","16:42","7.077","-","7.37"
"2021/10/31","16:48","7.116","-","7.42"
"2021/10/31","16:54","7.147","-","7.48"
"2021/10/31","17:00","7.172","-","7.52"
"2021/10/31","17:06","7.189","-","7.55"
"2021/10/31","17:12","7.2","-","7.57"
"2021/10/31","17:18","7.204","-","7.58"
"2021/10/31","17:24","7.201","-","7.62"
"2021/10/31","17:30","7.191","-","7.64"
"2021/10/31","17:36","7.175","-","7.64"
"2021/10/31","17:42","7.153","-","7.64"
"2021/10/31","17:48","7.124","-","7.61"
"2021/10/31","17:54","7.089","-","7.57"
"2021/10/31","18:00","7.048","-","7.54"
"2021/10/31","18:06","7.002","-","7.49"
"2021/10/31","18:12","6.95","-","7.42"
"2021/10/31","18:18","6.894","-","7.38"
"2021/10/31","18:24","6.833","-","7.32"
"2021/10/31","18:30","6.767","-","7.23"
"2021/10/31","18:36","6.697","-","7.16"
"2021/10/31","18:42","6.624","-","7.09"
"2021/10/31","18:48","6.546","-","6.98"
"2021/10/31","18:54","6.466","-","6.9"
"2021/10/31","19:00","6.382","-","6.81"
"2021/10/31","19:06","6.296","-","6.73"
"2021/10/31","19:12","6.206","-","6.62"
"2021/10/31","19:18","6.115","-","6.51"
"2021/10/31","19:24","6.021","-","6.4"
"2021/10/31","19:30","5.924","-","6.28"
"2021/10/31","19:36","5.826","-","6.17"
"2021/10/31","19:42","5.726","-","6.05"
"2021/10/31","19:48","5.624","-","5.94"
"2021/10/31","19:54","5.52","-","5.84"
"2021/10/31","20:00","5.415","-","5.74"
"2021/10/31","20:06","5.309","-","5.63"
"2021/10/31","20:12","5.201","-","5.53"
"2021/10/31","20:18","5.092","-","5.41"
"2021/10/31","20:24","4.982","-","5.29"
"2021/10/31","20:30","4.871","-","5.16"
"2021/10/31","20:36","4.76","-","5.04"
"2021/10/31","20:42","4.648","-","4.91"
"2021/10/31","20:48","4.537","-","4.8"
"2021/10/31","20:54","4.425","-","4.7"
"2021/10/31","21:00","4.315","-","4.59"
"2021/10/31","21:06","4.205","-","4.49"
"2021/10/31","21:12","4.097","-","4.38"
"2021/10/31","21:18","3.99","-","4.28"
"2021/10/31","21:24","3.886","-","4.19"
"2021/10/31","21:30","3.784","-","4.09"
"2021/10/31","21:36","3.686","-","3.99"
"2021/10/31","21:42","3.591","-","3.9"
"2021/10/31","21:48","3.5","-","3.84"
"2021/10/31","21:54","3.414","-","3.77"
"2021/10/31","22:00","3.333","-","3.68"
"2021/10/31","22:06","3.257","-","3.61"
"2021/10/31","22:12","3.188","-","3.56"
"2021/10/31","22:18","3.124","-","3.5"
"2021/10/31","22:24","3.067","-","3.45"
"2021/10/31","22:30","3.017","-","3.41"
"2021/10/31","22:36","2.974","-","3.38"
"2021/10/31","22:42","2.939","-","3.33"
"2021/10/31","22:48","2.91","-","3.3"
"2021/10/31","22:54","2.889","-","3.29"
"2021/10/31","23:00","2.876","-","3.28"
"2021/10/31","23:06","2.87","-","3.27"
"2021/10/31","23:12","2.871","-","3.25"
"2021/10/31","23:18","2.88","-","3.25"
"2021/10/31","23:24","2.895","-","3.25"
"2021/10/31","23:30","2.917","-","3.26"
"2021/10/31","23:36","2.946","-","3.26"
"2021/10/31","23:42","2.981","-","3.3"
"2021/10/31","23:48","3.022","-","3.34"
"2021/10/31","23:54","3.068","-","3.37"
"2021/11/01","00:00","3.12","-","3.41"
"2021/11/01","00:06","3.176","-","3.46"
"2021/11/01","00:12","3.237","-","3.53"
"2021/11/01","00:18","3.303","-","3.59"
"2021/11/01","00:24","3.372","-","3.66"
"2021/11/01","00:30","3.444","-","3.73"
"2021/11/01","00:36","3.52","-","3.81"
"2021/11/01","00:42","3.599","-","3.9"
"2021/11/01","00:48","3.681","-","3.98"
"2021/11/01","00:54","3.765","-","4.07"
"2021/11/01","01:00","3.851","-","4.17"
"2021/11/01","01:06","3.94","-","4.26"
"2021/11/01","01:12","4.03","-","4.34"
"2021/11/01","01:18","4.122","-","4.45"
"2021/11/01","01:24","4.215","-","4.52"
"2021/11/01","01:30","4.309","-","4.62"
"2021/11/01","01:36","4.405","-","4.71"
"2021/11/01","01:42","4.502","-","4.84"
"2021/11/01","01:48","4.6","-","4.93"
"2021/11/01","01:54","4.698","-","5.04"
"2021/11/01","02:00","4.797","-","5.15"
"2021/11/01","02:06","4.897","-","5.27"
"2021/11/01","02:12","4.996","-","5.37"
"2021/11/01","02:18","5.096","-","5.48"
"2021/11/01","02:24","5.196","-","5.56"
"2021/11/01","02:30","5.296","-","5.65"
"2021/11/01","02:36","5.395","-","5.76"
"2021/11/01","02:42","5.494","-","5.87"
"2021/11/01","02:48","5.592","-","5.98"
"2021/11/01","02:54","5.689","-","6.08"
"2021/11/01","03:00","5.785","-","6.19"
"2021/11/01","03:06","5.879","-","6.3"
"2021/11/01","03:12","5.971","-","6.39"
"2021/11/01","03:18","6.061","-","6.47"
"2021/11/01","03:24","6.149","-","6.55"
"2021/11/01","03:30","6.234","-","6.65"
"2021/11/01","03:36","6.316","-","6.73"
"2021/11/01","03:42","6.395","-","6.81"
"2021/11/01","03:48","6.469","-","6.9"
"2021/11/01","03:54","6.54","-","6.97"
"2021/11/01","04:00","6.607","-","7.04"
"2021/11/01","04:06","6.669","-","7.11"
"2021/11/01","04:12","6.726","-","7.18"
"2021/11/01","04:18","6.778","-","7.25"
"2021/11/01","04:24","6.825","-","7.3"
"2021/11/01","04:30","6.865","-","7.35"
"2021/11/01","04:36","6.9","-","7.4"
"2021/11/01","04:42","6.928","-","7.44"
"2021/11/01","04:48","6.95","-","7.46"
"2021/11/01","04:54","6.965","-","7.49"
"2021/11/01","05:00","6.973","-","7.48"
"2021/11/01","05:06","6.974","-","7.47"
"2021/11/01","05:12","6.967","-","7.47"
"2021/11/01","05:18","6.954","-","7.45"
"2021/11/01","05:24","6.933","-","7.42"
"2021/11/01","05:30","6.905","-","7.39"
"2021/11/01","05:36","6.87","-","7.31"
"2021/11/01","05:42","6.827","-","7.27"
"2021/11/01","05:48","6.777","-","7.23"
"2021/11/01","05:54","6.721","-","7.16"
"2021/11/01","06:00","6.657","-","7.08"
"2021/11/01","06:06","6.587","-","7"
"2021/11/01","06:12","6.51","-","6.95"
"2021/11/01","06:18","6.427","-","6.87"
"2021/11/01","06:24","6.339","-","6.77"
"2021/11/01","06:30","6.244","-","6.66"
"2021/11/01","06:36","6.145","-","6.57"
"2021/11/01","06:42","6.041","-","6.46"
"2021/11/01","06:48","5.932","-","6.36"
"2021/11/01","06:54","5.819","-","6.26"
"2021/11/01","07:00","5.702","-","6.13"
"2021/11/01","07:06","5.581","-","5.99"
"2021/11/01","07:12","5.457","-","5.87"
"2021/11/01","07:18","5.331","-","5.75"
"2021/11/01","07:24","5.202","-","5.63"
"2021/11/01","07:30","5.071","-","5.53"
"2021/11/01","07:36","4.937","-","5.41"
"2021/11/01","07:42","4.802","-","5.29"
"2021/11/01","07:48","4.666","-","5.16"
"2021/11/01","07:54","4.528","-","5.04"
"2021/11/01","08:00","4.389","-","4.9"
"2021/11/01","08:06","4.25","-","4.78"
"2021/11/01","08:12","4.11","-","4.63"
"2021/11/01","08:18","3.969","-","4.49"
"2021/11/01","08:24","3.828","-","4.35"
"2021/11/01","08:30","3.687","-","4.24"
"2021/11/01","08:36","3.547","-","4.08"
"2021/11/01","08:42","3.406","-","3.93"
"2021/11/01","08:48","3.266","-","3.78"
"2021/11/01","08:54","3.127","-","3.67"
"2021/11/01","09:00","2.989","-","3.53"
"2021/11/01","09:06","2.853","-","3.4"
"2021/11/01","09:12","2.718","-","3.28"
"2021/11/01","09:18","2.585","-","3.16"
"2021/11/01","09:24","2.454","-","3.05"
"2021/11/01","09:30","2.327","-","2.92"
"2021/11/01","09:36","2.202","-","2.77"
"2021/11/01","09:42","2.081","-","2.67"
"2021/11/01","09:48","1.965","-","2.54"
"2021/11/01","09:54","1.853","-","2.4"
"2021/11/01","10:00","1.746","-","2.3"
"2021/11/01","10:06","1.645","-","2.19"
"2021/11/01","10:12","1.55","-","2.06"
"2021/11/01","10:18","1.461","-","1.97"
"2021/11/01","10:24","1.38","-","1.88"
"2021/11/01","10:30","1.306","-","1.83"
"2021/11/01","10:36","1.24","-","1.78"
"2021/11/01","10:42","1.182","-","1.75"
"2021/11/01","10:48","1.132","-","1.66"
"2021/11/01","10:54","1.091","-","1.59"
"2021/11/01","11:00","1.06","-","1.54"
"2021/11/01","11:06","1.037","-","1.53"
"2021/11/01","11:12","1.024","-","1.46"
"2021/11/01","11:18","1.02","-","1.46"
"2021/11/01","11:24","1.025","-","1.48"
"2021/11/01","11:30","1.039","-","1.51"
"2021/11/01","11:36","1.063","-","1.55"
"2021/11/01","11:42","1.095","-","1.56"
"2021/11/01","11:48","1.136","-","1.57"
"2021/11/01","11:54","1.186","-","1.6"
"2021/11/01","12:00","1.243","-","1.64"
"2021/11/01","12:06","1.308","-","1.72"
"2021/11/01","12:12","1.381","-","1.74"
"2021/11/01","12:18","1.46","-","1.84"
"2021/11/01","12:24","1.546","-","1.93"
"2021/11/01","12:30","1.638","-","1.99"
"2021/11/01","12:36","1.736","-","2.13"
"2021/11/01","12:42","1.839","-","2.21"
"2021/11/01","12:48","1.948","-","2.34"
"2021/11/01","12:54","2.06","-","2.42"
"2021/11/01","13:00","2.177","-","2.57"
"2021/11/01","13:06","2.298","-","2.7"
"2021/11/01","13:12","2.422","-","2.78"
"2021/11/01","13:18","2.549","-","2.91"
"2021/11/01","13:24","2.679","-","3.02"
"2021/11/01","13:30","2.812","-","3.19"
"2021/11/01","13:36","2.947","-","3.32"
"2021/11/01","13:42","3.084","-","3.42"
"2021/11/01","13:48","3.223","-","3.61"
"2021/11/01","13:54","3.364","-","3.74"
"2021/11/01","14:00","3.506","-","3.87"
"2021/11/01","14:06","3.65","-","4.03"
"2021/11/01","14:12","3.795","-","4.19"
"2021/11/01","14:18","3.94","-","4.31"
"2021/11/01","14:24","4.087","-","4.49"
"2021/11/01","14:30","4.234","-","4.6"
"2021/11/01","14:36","4.381","-","4.74"
"2021/11/01","14:42","4.529","-","4.86"
"2021/11/01","14:48","4.677","-","5.03"
"2021/11/01","14:54","4.825","-","5.17"
"2021/11/01","15:00","4.972","-","5.33"
"2021/11/01","15:06","5.119","-","5.5"
"2021/11/01","15:12","5.265","-","5.63"
"2021/11/01","15:18","5.41","-","5.8"
"2021/11/01","15:24","5.553","-","5.9"
"2021/11/01","15:30","5.695","-","6.01"
"2021/11/01","15:36","5.835","-","6.17"
"2021/11/01","15:42","5.972","-","6.3"
"2021/11/01","15:48","6.107","-","6.44"
"2021/11/01","15:54","6.24","-","6.58"
"2021/11/01","16:00","6.369","-","6.7"
"2021/11/01","16:06","6.494","-","6.83"
"2021/11/01","16:12","6.616","-","6.96"
"2021/11/01","16:18","6.733","-","7.09"
"2021/11/01","16:24","6.846","-","7.23"
"2021/11/01","16:30","6.954","-","7.33"
"2021/11/01","16:36","7.057","-","7.43"
"2021/11/01","16:42","7.154","-","7.56"
"2021/11/01","16:48","7.246","-","7.64"
"2021/11/01","16:54","7.331","-","7.75"
"2021/11/01","17:00","7.409","-","7.85"
"2021/11/01","17:06","7.481","-","7.96"
"2021/11/01","17:12","7.546","-","8.05"
"2021/11/01","17:18","7.604","-","8.12"
"2021/11/01","17:24","7.654","-","8.17"
"2021/11/01","17:30","7.696","-","8.24"
"2021/11/01","17:36","7.731","-","8.27"
"2021/11/01","17:42","7.757","-","8.35"
"2021/11/01","17:48","7.775","-","8.35"
"2021/11/01","17:54","7.785","-","8.38"
"2021/11/01","18:00","7.787","-","8.37"
"2021/11/01","18:06","7.781","-","8.43"
"2021/11/01","18:12","7.767","-","8.39"
"2021/11/01","18:18","7.744","-","8.42"
"2021/11/01","18:24","7.714","-","8.39"
"2021/11/01","18:30","7.675","-","8.36"
"2021/11/01","18:36","7.629","-","8.3"
"2021/11/01","18:42","7.576","-","8.25"
"2021/11/01","18:48","7.515","-","8.21"
"2021/11/01","18:54","7.447","-","8.13"
"2021/11/01","19:00","7.373","-","8.06"
"2021/11/01","19:06","7.292","-","7.94"
"2021/11/01","19:12","7.205","-","7.86"
"2021/11/01","19:18","7.112","-","7.74"
"2021/11/01","19:24","7.014","-","7.65"
"2021/11/01","19:30","6.911","-","7.57"
"2021/11/01","19:36","6.803","-","7.45"
"2021/11/01","19:42","6.69","-","7.32"
"2021/11/01","19:48","6.573","-","7.22"
"2021/11/01","19:54","6.452","-","7.05"
"2021/11/01","20:00","6.328","-","6.84"
"2021/11/01","20:06","6.2","-","6.79"
"2021/11/01","20:12","6.069","-","6.63"
"2021/11/01","20:18","5.935","-","6.51"
"2021/11/01","20:24","5.798","-","6.38"
"2021/11/01","20:30","5.659","-","6.26"
"2021/11/01","20:36","5.518","-","6.09"
"2021/11/01","20:42","5.374","-","5.98"
"2021/11/01","20:48","5.229","-","5.82"
"2021/11/01","20:54","5.082","-","5.69"
"2021/11/01","21:00","4.934","-","5.52"
"2021/11/01","21:06","4.784","-","5.34"
"2021/11/01","21:12","4.634","-","5.23"
"2021/11/01","21:18","4.483","-","5.06"
"2021/11/01","21:24","4.332","-","4.93"
"2021/11/01","21:30","4.181","-","4.81"
"2021/11/01","21:36","4.03","-","4.66"
"2021/11/01","21:42","3.88","-","4.51"
"2021/11/01","21:48","3.732","-","4.34"
"2021/11/01","21:54","3.585","-","4.21"
"2021/11/01","22:00","3.44","-","4.01"
"2021/11/01","22:06","3.298","-","3.91"
"2021/11/01","22:12","3.16","-","3.79"
"2021/11/01","22:18","3.025","-","3.65"
"2021/11/01","22:24","2.895","-","3.5"
"2021/11/01","22:30","2.769","-","3.44"
"2021/11/01","22:36","2.65","-","3.33"
"2021/11/01","22:42","2.536","-","3.2"
"2021/11/01","22:48","2.429","-","3.1"
"2021/11/01","22:54","2.328","-","2.95"
"2021/11/01","23:00","2.236","-","2.89"
"2021/11/01","23:06","2.151","-","2.75"
"2021/11/01","23:12","2.075","-","2.69"
"2021/11/01","23:18","2.008","-","2.59"
"2021/11/01","23:24","1.949","-","2.5"
"2021/11/01","23:30","1.9","-","2.45"
"2021/11/01","23:36","1.86","-","2.36"
"2021/11/01","23:42","1.829","-","2.37"
"2021/11/01","23:48","1.809","-","2.27"
"2021/11/01","23:54","1.797","-","2.26"
"2021/11/02","00:00","1.795","-","2.23"
"2021/11/02","00:06","1.802","-","2.25"
"2021/11/02","00:12","1.818","-","2.22"
"2021/11/02","00:18","1.843","-","2.23"
"2021/11/02","00:24","1.877","-","2.27"
"2021/11/02","00:30","1.919","-","2.32"
"2021/11/02","00:36","1.968","-","2.37"
"2021/11/02","00:42","2.026","-","2.44"
"2021/11/02","00:48","2.09","-","2.48"
"2021/11/02","00:54","2.161","-","2.54"
"2021/11/02","01:00","2.238","-","2.58"
"2021/11/02","01:06","2.321","-","2.71"
"2021/11/02","01:12","2.409","-","2.81"
"2021/11/02","01:18","2.503","-","2.87"
"2021/11/02","01:24","2.601","-","2.95"
"2021/11/02","01:30","2.703","-","3.07"
"2021/11/02","01:36","2.809","-","3.16"
"2021/11/02","01:42","2.919","-","3.3"
"2021/11/02","01:48","3.032","-","3.4"
"2021/11/02","01:54","3.148","-","3.5"
"2021/11/02","02:00","3.267","-","3.6"
"2021/11/02","02:06","3.388","-","3.76"
"2021/11/02","02:12","3.511","-","3.88"
"2021/11/02","02:18","3.636","-","4.02"
"2021/11/02","02:24","3.762","-","4.16"
"2021/11/02","02:30","3.89","-","4.25"
"2021/11/02","02:36","4.02","-","4.36"
"2021/11/02","02:42","4.15","-","4.44"
"2021/11/02","02:48","4.281","-","4.62"
"2021/11/02","02:54","4.413","-","4.71"
"2021/11/02","03:00","4.545","-","4.82"
"2021/11/02","03:06","4.677","-","4.96"
"2021/11/02","03:12","4.809","-","5.09"
"2021/11/02","03:18","4.941","-","5.22"
"2021/11/02","03:24","5.072","-","5.39"
"2021/11/02","03:30","5.203","-","5.53"
"2021/11/02","03:36","5.332","-","5.69"
"2021/11/02","03:42","5.46","-","5.78"
"2021/11/02","03:48","5.587","-","5.83"
"2021/11/02","03:54","5.711","-","5.96"
"2021/11/02","04:00","5.834","-","6.09"
"2021/11/02","04:06","5.954","-","6.23"
"2021/11/02","04:12","6.07","-","6.32"
"2021/11/02","04:18","6.184","-","6.43"
"2021/11/02","04:24","6.294","-","6.58"
"2021/11/02","04:30","6.401","-","6.66"
"2021/11/02","04:36","6.503","-","6.76"
"2021/11/02","04:42","6.6","-","6.8"
"2021/11/02","04:48","6.693","-","6.86"
"2021/11/02","04:54","6.78","-","6.99"
"2021/11/02","05:00","6.862","-","7.1"
"2021/11/02","05:06","6.938","-","7.19"
"2021/11/02","05:12","7.008","-","7.26"
"2021/11/02","05:18","7.071","-","7.33"
"2021/11/02","05:24","7.127","-","7.42"
"2021/11/02","05:30","7.176","-","7.56"
"2021/11/02","05:36","7.218","-","7.63"
"2021/11/02","05:42","7.252","-","7.69"
"2021/11/02","05:48","7.279","-","7.68"
"2021/11/02","05:54","7.297","-","7.74"
"2021/11/02","06:00","7.308","-","7.75"
"2021/11/02","06:06","7.31","-","7.73"
"2021/11/02","06:12","7.304","-","7.64"
"2021/11/02","06:18","7.289","-","7.65"
"2021/11/02","06:24","7.266","-","7.71"
"2021/11/02","06:30","7.235","-","7.67"
"2021/11/02","06:36","7.195","-","7.62"
"2021/11/02","06:42","7.148","-","7.58"
"2021/11/02","06:48","7.092","-","7.49"
"2021/11/02","06:54","7.029","-","7.43"
"2021/11/02","07:00","6.957","-","7.4"
"2021/11/02","07:06","6.879","-","7.29"
"2021/11/02","07:12","6.793","-","7.16"
"2021/11/02","07:18","6.701","-","7.05"
"2021/11/02","07:24","6.602","-","6.97"
"2021/11/02","07:30","6.497","-","6.93"
"2021/11/02","07:36","6.387","-","6.87"
"2021/11/02","07:42","6.271","-","6.68"
"2021/11/02","07:48","6.149","-","6.55"
"2021/11/02","07:54","6.024","-","6.43"
"2021/11/02","08:00","5.894","-","6.31"
"2021/11/02","08:06","5.76","-","6.18"
"2021/11/02","08:12","5.622","-","6.04"
"2021/11/02","08:18","5.481","-","5.94"
"2021/11/02","08:24","5.338","-","5.79"
"2021/11/02","08:30","5.192","-","5.59"
"2021/11/02","08:36","5.043","-","5.47"
"2021/11/02","08:42","4.893","-","5.33"
"2021/11/02","08:48","4.741","-","5.2"
"2021/11/02","08:54","4.587","-","5.04"
"2021/11/02","09:00","4.432","-","4.92"
"2021/11/02","09:06","4.277","-","4.77"
"2021/11/02","09:12","4.121","-","4.62"
"2021/11/02","09:18","3.964","-","4.44"
"2021/11/02","09:24","3.807","-","4.28"
"2021/11/02","09:30","3.651","-","4.1"
"2021/11/02","09:36","3.495","-","3.96"
"2021/11/02","09:42","3.34","-","3.82"
"2021/11/02","09:48","3.186","-","3.62"
"2021/11/02","09:54","3.034","-","3.46"
"2021/11/02","10:00","2.883","-","3.31"
"2021/11/02","10:06","2.735","-","3.14"
"2021/11/02","10:12","2.589","-","2.98"
"2021/11/02","10:18","2.447","-","2.85"
"2021/11/02","10:24","2.309","-","2.72"
"2021/11/02","10:30","2.174","-","2.58"
"2021/11/02","10:36","2.045","-","2.47"
"2021/11/02","10:42","1.921","-","2.33"
"2021/11/02","10:48","1.803","-","2.16"
"2021/11/02","10:54","1.691","-","2.05"
"2021/11/02","11:00","1.586","-","1.93"
"2021/11/02","11:06","1.489","-","1.81"
"2021/11/02","11:12","1.399","-","1.73"
"2021/11/02","11:18","1.318","-","1.66"
"2021/11/02","11:24","1.246","-","1.57"
"2021/11/02","11:30","1.184","-","1.49"
"2021/11/02","11:36","1.131","-","1.42"
"2021/11/02","11:42","1.088","-","1.37"
"2021/11/02","11:48","1.055","-","1.3"
"2021/11/02","11:54","1.032","-","1.26"
"2021/11/02","12:00","1.02","-","1.26"
"2021/11/02","12:06","1.019","-","1.27"
"2021/11/02","12:12","1.028","-","1.25"
"2021/11/02","12:18","1.048","-","1.27"
"2021/11/02","12:24","1.078","-","1.31"
"2021/11/02","12:30","1.118","-","1.38"
"2021/11/02","12:36","1.168","-","1.41"
"2021/11/02","12:42","1.227","-","1.52"
"2021/11/02","12:48","1.296","-","1.57"
"2021/11/02","12:54","1.374","-","1.64"
"2021/11/02","13:00","1.46","-","1.75"
"2021/11/02","13:06","1.554","-","1.77"
"2021/11/02","13:12","1.655","-","1.88"
"2021/11/02","13:18","1.764","-","1.96"
"2021/11/02","13:24","1.879","-","2.09"
"2021/11/02","13:30","2","-","2.23"
"2021/11/02","13:36","2.127","-","2.33"
"2021/11/02","13:42","2.259","-","2.46"
"2021/11/02","13:48","2.395","-","2.58"
"2021/11/02","13:54","2.536","-","2.74"
"2021/11/02","14:00","2.681","-","2.9"
"2021/11/02","14:06","2.829","-","3.02"
"2021/11/02","14:12","2.98","-","3.15"
"2021/11/02","14:18","3.133","-","3.34"
"2021/11/02","14:24","3.289","-","3.5"
"2021/11/02","14:30","3.448","-","3.61"
"2021/11/02","14:36","3.607","-","3.77"
"2021/11/02","14:42","3.769","-","3.94"
"2021/11/02","14:48","3.931","-","4.1"
"2021/11/02","14:54","4.095","-","4.25"
"2021/11/02","15:00","4.259","-","4.41"
"2021/11/02","15:06","4.424","-","4.55"
"2021/11/02","15:12","4.588","-","4.71"
"2021/11/02","15:18","4.753","-","4.87"
"2021/11/02","15:24","4.918","-","5.02"
"2021/11/02","15:30","5.082","-","5.17"
"2021/11/02","15:36","5.246","-","5.35"
"2021/11/02","15:42","5.409","-","5.49"
"2021/11/02","15:48","5.571","-","5.66"
"2021/11/02","15:54","5.731","-","5.79"
"2021/11/02","16:00","5.889","-","5.94"
"2021/11/02","16:06","6.046","-","6.12"
"2021/11/02","16:12","6.2","-","6.24"
"2021/11/02","16:18","6.352","-","6.4"
"2021/11/02","16:24","6.501","-","6.55"
"2021/11/02","16:30","6.647","-","6.69"
"2021/11/02","16:36","6.79","-","6.86"
"2021/11/02","16:42","6.928","-","7.01"
"2021/11/02","16:48","7.063","-","7.17"
"2021/11/02","16:54","7.193","-","7.29"
"2021/11/02","17:00","7.318","-","7.42"
"2021/11/02","17:06","7.438","-","7.54"
"2021/11/02","17:12","7.553","-","7.64"
"2021/11/02","17:18","7.661","-","7.79"
"2021/11/02","17:24","7.763","-","7.92"
"2021/11/02","17:30","7.859","-","7.99"
"2021/11/02","17:36","7.948","-","8.12"
"2021/11/02","17:42","8.03","-","8.26"
"2021/11/02","17:48","8.104","-","8.33"
"2021/11/02","17:54","8.17","-","8.41"
"2021/11/02","18:00","8.228","-","8.52"
"2021/11/02","18:06","8.278","-","8.6"
"2021/11/02","18:12","8.319","-","8.66"
"2021/11/02","18:18","8.351","-","8.69"
"2021/11/02","18:24","8.374","-","8.76"
"2021/11/02","18:30","8.388","-","8.81"
"2021/11/02","18:36","8.393","-","8.82"
"2021/11/02","18:42","8.388","-","8.79"
"2021/11/02","18:48","8.374","-","8.81"
"2021/11/02","18:54","8.35","-","8.78"
"2021/11/02","19:00","8.317","-","8.74"
"2021/11/02","19:06","8.274","-","8.7"
"2021/11/02","19:12","8.223","-","8.66"
"2021/11/02","19:18","8.162","-","8.59"
"2021/11/02","19:24","8.092","-","8.5"
"2021/11/02","19:30","8.014","-","8.39"
"2021/11/02","19:36","7.927","-","8.32"
"2021/11/02","19:42","7.831","-","8.2"
"2021/11/02","19:48","7.728","-","8.13"
"2021/11/02","19:54","7.617","-","7.99"
"2021/11/02","20:00","7.499","-","7.86"
"2021/11/02","20:06","7.374","-","7.75"
"2021/11/02","20:12","7.243","-","7.62"
"2021/11/02","20:18","7.105","-","7.44"
"2021/11/02","20:24","6.962","-","7.29"
"2021/11/02","20:30","6.813","-","7.16"
"2021/11/02","20:36","6.658","-","6.99"
"2021/11/02","20:42","6.5","-","6.86"
"2021/11/02","20:48","6.336","-","6.72"
"2021/11/02","20:54","6.169","-","6.56"
"2021/11/02","21:00","5.998","-","6.38"
"2021/11/02","21:06","5.824","-","6.21"
"2021/11/02","21:12","5.646","-","6.03"
"2021/11/02","21:18","5.466","-","5.84"
"2021/11/02","21:24","5.284","-","5.67"
"2021/11/02","21:30","5.099","-","5.5"
"2021/11/02","21:36","4.912","-","5.34"
"2021/11/02","21:42","4.724","-","5.17"
"2021/11/02","21:48","4.535","-","4.96"
"2021/11/02","21:54","4.345","-","4.77"
"2021/11/02","22:00","4.154","-","4.57"
"2021/11/02","22:06","3.964","-","4.39"
"2021/11/02","22:12","3.773","-","4.21"
"2021/11/02","22:18","3.584","-","4.02"
"2021/11/02","22:24","3.396","-","3.84"
"2021/11/02","22:30","3.209","-","3.64"
"2021/11/02","22:36","3.025","-","3.44"
"2021/11/02","22:42","2.844","-","3.25"
"2021/11/02","22:48","2.665","-","3.08"
"2021/11/02","22:54","2.491","-","2.88"
"2021/11/02","23:00","2.322","-","2.73"
"2021/11/02","23:06","2.158","-","2.59"
"2021/11/02","23:12","1.999","-","2.4"
"2021/11/02","23:18","1.847","-","2.25"
"2021/11/02","23:24","1.703","-","2.09"
"2021/11/02","23:30","1.566","-","1.95"
"2021/11/02","23:36","1.437","-","1.82"
"2021/11/02","23:42","1.317","-","1.67"
"2021/11/02","23:48","1.207","-","1.54"
"2021/11/02","23:54","1.106","-","1.45"
"2021/11/03","00:00","1.016","-","1.33"
"2021/11/03","00:06","0.936","-","1.25"
"2021/11/03","00:12","0.867","-","1.18"
"2021/11/03","00:18","0.81","-","1.09"
"2021/11/03","00:24","0.764","-","1.06"
"2021/11/03","00:30","0.729","-","1.03"
"2021/11/03","00:36","0.706","-","1.03"
"2021/11/03","00:42","0.695","-","0.99"
"2021/11/03","00:48","0.694","-","0.97"
"2021/11/03","00:54","0.706","-","1"
"2021/11/03","01:00","0.728","-","1"
"2021/11/03","01:06","0.761","-","1.02"
"2021/11/03","01:12","0.804","-","1.07"
"2021/11/03","01:18","0.858","-","1.14"
"2021/11/03","01:24","0.921","-","1.21"
"2021/11/03","01:30","0.993","-","1.31"
"2021/11/03","01:36","1.074","-","1.39"
"2021/11/03","01:42","1.163","-","1.48"
"2021/11/03","01:48","1.26","-","1.61"
"2021/11/03","01:54","1.365","-","1.71"
"2021/11/03","02:00","1.476","-","1.83"
"2021/11/03","02:06","1.593","-","1.96"
"2021/11/03","02:12","1.716","-","2.08"
"2021/11/03","02:18","1.844","-","2.17"
"2021/11/03","02:24","1.977","-","2.3"
"2021/11/03","02:30","2.115","-","2.44"
"2021/11/03","02:36","2.256","-","2.62"
"2021/11/03","02:42","2.401","-","2.73"
"2021/11/03","02:48","2.55","-","2.91"
"2021/11/03","02:54","2.701","-","3.05"
"2021/11/03","03:00","2.854","-","3.21"
"2021/11/03","03:06","3.01","-","3.37"
"2021/11/03","03:12","3.168","-","3.49"
"2021/11/03","03:18","3.327","-","3.63"
"2021/11/03","03:24","3.487","-","3.78"
"2021/11/03","03:30","3.649","-","3.92"
"2021/11/03","03:36","3.811","-","4.09"
"2021/11/03","03:42","3.974","-","4.24"
"2021/11/03","03:48","4.137","-","4.39"
"2021/11/03","03:54","4.299","-","4.56"
"2021/11/03","04:00","4.462","-","4.72"
"2021/11/03","04:06","4.624","-","4.89"
"2021/11/03","04:12","4.785","-","5.04"
"2021/11/03","04:18","4.945","-","5.18"
"2021/11/03","04:24","5.103","-","5.32"
"2021/11/03","04:30","5.26","-","5.46"
"2021/11/03","04:36","5.414","-","5.6"
"2021/11/03","04:42","5.567","-","5.74"
"2021/11/03","04:48","5.716","-","5.9"
"2021/11/03","04:54","5.862","-","6.06"
"2021/11/03","05:00","6.005","-","6.18"
"2021/11/03","05:06","6.145","-","6.34"
"2021/11/03","05:12","6.28","-","6.48"
"2021/11/03","05:18","6.411","-","6.61"
"2021/11/03","05:24","6.537","-","6.74"
"2021/11/03","05:30","6.658","-","6.86"
"2021/11/03","05:36","6.773","-","6.98"
"2021/11/03","05:42","6.882","-","7.09"
"2021/11/03","05:48","6.986","-","7.23"
"2021/11/03","05:54","7.082","-","7.36"
"2021/11/03","06:00","7.172","-","7.44"
"2021/11/03","06:06","7.255","-","7.55"
"2021/11/03","06:12","7.33","-","7.64"
"2021/11/03","06:18","7.397","-","7.72"
"2021/11/03","06:24","7.457","-","7.82"
"2021/11/03","06:30","7.508","-","7.87"
"2021/11/03","06:36","7.55","-","7.96"
"2021/11/03","06:42","7.584","-","8.03"
"2021/11/03","06:48","7.608","-","8.08"
"2021/11/03","06:54","7.624","-","8.1"
"2021/11/03","07:00","7.63","-","8.13"
"2021/11/03","07:06","7.628","-","8.15"
"2021/11/03","07:12","7.615","-","8.15"
"2021/11/03","07:18","7.594","-","8.17"
"2021/11/03","07:24","7.564","-","8.14"
"2021/11/03","07:30","7.524","-","8.12"
"2021/11/03","07:36","7.475","-","8.06"
"2021/11/03","07:42","7.418","-","8.04"
"2021/11/03","07:48","7.352","-","7.94"
"2021/11/03","07:54","7.277","-","7.84"
"2021/11/03","08:00","7.195","-","7.76"
"2021/11/03","08:06","7.104","-","7.67"
"2021/11/03","08:12","7.006","-","7.58"
"2021/11/03","08:18","6.901","-","7.47"
"2021/11/03","08:24","6.789","-","7.36"
"2021/11/03","08:30","6.671","-","7.25"
"2021/11/03","08:36","6.547","-","7.12"
"2021/11/03","08:42","6.417","-","6.97"
"2021/11/03","08:48","6.282","-","6.87"
"2021/11/03","08:54","6.143","-","6.74"
"2021/11/03","09:00","5.998","-","6.58"
"2021/11/03","09:06","5.85","-","6.42"
"2021/11/03","09:12","5.699","-","6.29"
"2021/11/03","09:18","5.544","-","6.12"
"2021/11/03","09:24","5.386","-","5.97"
"2021/11/03","09:30","5.226","-","5.83"
"2021/11/03","09:36","5.064","-","5.67"
"2021/11/03","09:42","4.899","-","5.52"
"2021/11/03","09:48","4.734","-","5.36"
"2021/11/03","09:54","4.567","-","5.21"
"2021/11/03","10:00","4.4","-","5.04"
"2021/11/03","10:06","4.232","-","4.89"
"2021/11/03","10:12","4.064","-","4.7"
"2021/11/03","10:18","3.896","-","4.55"
"2021/11/03","10:24","3.729","-","4.36"
"2021/11/03","10:30","3.562","-","4.24"
"2021/11/03","10:36","3.397","-","4.09"
"2021/11/03","10:42","3.235","-","3.94"
"2021/11/03","10:48","3.074","-","3.78"
"2021/11/03","10:54","2.916","-","3.56"
"2021/11/03","11:00","2.761","-","3.42"
"2021/11/03","11:06","2.61","-","3.28"
"2021/11/03","11:12","2.464","-","3.14"
"2021/11/03","11:18","2.322","-","3.02"
"2021/11/03","11:24","2.186","-","2.88"
"2021/11/03","11:30","2.056","-","2.77"
"2021/11/03","11:36","1.933","-","2.62"
"2021/11/03","11:42","1.817","-","2.5"
"2021/11/03","11:48","1.709","-","2.42"
"2021/11/03","11:54","1.609","-","2.27"
"2021/11/03","12:00","1.518","-","2.17"
"2021/11/03","12:06","1.436","-","2.09"
"2021/11/03","12:12","1.365","-","1.96"
"2021/11/03","12:18","1.304","-","1.89"
"2021/11/03","12:24","1.253","-","1.82"
"2021/11/03","12:30","1.214","-","1.79"
"2021/11/03","12:36","1.185","-","1.76"
"2021/11/03","12:42","1.169","-","1.73"
"2021/11/03","12:48","1.163","-","1.67"
"2021/11/03","12:54","1.17","-","1.67"
"2021/11/03","13:00","1.188","-","1.68"
"2021/11/03","13:06","1.217","-","1.69"
"2021/11/03","13:12","1.258","-","1.76"
"2021/11/03","13:18","1.31","-","1.82"
"2021/11/03","13:24","1.373","-","1.86"
"2021/11/03","13:30","1.447","-","1.92"
"2021/11/03","13:36","1.53","-","1.96"
"2021/11/03","13:42","1.623","-","2.03"
"2021/11/03","13:48","1.725","-","2.11"
"2021/11/03","13:54","1.836","-","2.22"
"2021/11/03","14:00","1.955","-","2.29"
"2021/11/03","14:06","2.082","-","2.43"
"2021/11/03","14:12","2.215","-","2.57"
"2021/11/03","14:18","2.355","-","2.7"
"2021/11/03","14:24","2.501","-","2.82"
"2021/11/03","14:30","2.652","-","2.96"
"2021/11/03","14:36","2.808","-","3.1"
"2021/11/03","14:42","2.969","-","3.3"
"2021/11/03","14:48","3.133","-","3.49"
"2021/11/03","14:54","3.3","-","3.64"
"2021/11/03","15:00","3.47","-","3.82"
"2021/11/03","15:06","3.643","-","3.96"
"2021/11/03","15:12","3.817","-","4.16"
"2021/11/03","15:18","3.994","-","4.29"
"2021/11/03","15:24","4.171","-","4.46"
"2021/11/03","15:30","4.349","-","4.64"
"2021/11/03","15:36","4.528","-","4.85"
"2021/11/03","15:42","4.707","-","4.96"
"2021/11/03","15:48","4.886","-","5.15"
"2021/11/03","15:54","5.065","-","5.3"
"2021/11/03","16:00","5.243","-","5.46"
"2021/11/03","16:06","5.421","-","5.61"
"2021/11/03","16:12","5.597","-","5.78"
"2021/11/03","16:18","5.772","-","5.97"
"2021/11/03","16:24","5.946","-","6.12"
"2021/11/03","16:30","6.117","-","6.28"
"2021/11/03","16:36","6.287","-","6.47"
"2021/11/03","16:42","6.454","-","6.66"
"2021/11/03","16:48","6.619","-","6.81"
"2021/11/03","16:54","6.78","-","6.96"
"2021/11/03","17:00","6.939","-","7.1"
"2021/11/03","17:06","7.094","-","7.27"
"2021/11/03","17:12","7.245","-","7.46"
"2021/11/03","17:18","7.392","-","7.59"
"2021/11/03","17:24","7.535","-","7.74"
"2021/11/03","17:30","7.673","-","7.86"
"2021/11/03","17:36","7.806","-","8.01"
"2021/11/03","17:42","7.933","-","8.17"
"2021/11/03","17:48","8.055","-","8.33"
"2021/11/03","17:54","8.17","-","8.46"
"2021/11/03","18:00","8.279","-","8.56"
"2021/11/03","18:06","8.381","-","8.72"
"2021/11/03","18:12","8.476","-","8.86"
"2021/11/03","18:18","8.564","-","9"
"2021/11/03","18:24","8.644","-","9.07"
"2021/11/03","18:30","8.715","-","9.19"
"2021/11/03","18:36","8.779","-","9.24"
"2021/11/03","18:42","8.833","-","9.31"
"2021/11/03","18:48","8.878","-","9.43"
"2021/11/03","18:54","8.914","-","9.45"
"2021/11/03","19:00","8.941","-","9.54"
"2021/11/03","19:06","8.957","-","9.56"
"2021/11/03","19:12","8.964","-","9.59"
"2021/11/03","19:18","8.96","-","9.58"
"2021/11/03","19:24","8.946","-","9.58"
"2021/11/03","19:30","8.922","-","9.6"
"2021/11/03","19:36","8.887","-","9.56"
"2021/11/03","19:42","8.842","-","9.52"
"2021/11/03","19:48","8.787","-","9.45"
"2021/11/03","19:54","8.721","-","9.35"
"2021/11/03","20:00","8.644","-","9.29"
"2021/11/03","20:06","8.558","-","9.23"
"2021/11/03","20:12","8.462","-","9.11"
"2021/11/03","20:18","8.356","-","9.04"
"2021/11/03","20:24","8.24","-","8.86"
"2021/11/03","20:30","8.115","-","8.78"
"2021/11/03","20:36","7.982","-","8.65"
"2021/11/03","20:42","7.84","-","8.52"
"2021/11/03","20:48","7.689","-","8.4"
"2021/11/03","20:54","7.531","-","8.26"
"2021/11/03","21:00","7.366","-","8.14"
"2021/11/03","21:06","7.194","-","7.95"
"2021/11/03","21:12","7.015","-","7.76"
"2021/11/03","21:18","6.83","-","7.61"
"2021/11/03","21:24","6.639","-","7.46"
"2021/11/03","21:30","6.443","-","7.26"
"2021/11/03","21:36","6.242","-","7.07"
"2021/11/03","21:42","6.037","-","6.91"
"2021/11/03","21:48","5.828","-","6.68"
"2021/11/03","21:54","5.616","-","6.46"
"2021/11/03","22:00","5.4","-","6.3"
"2021/11/03","22:06","5.182","-","6.1"
"2021/11/03","22:12","4.961","-","5.91"
"2021/11/03","22:18","4.738","-","5.69"
"2021/11/03","22:24","4.514","-","5.52"
"2021/11/03","22:30","4.288","-","5.33"
"2021/11/03","22:36","4.062","-","5.08"
"2021/11/03","22:42","3.836","-","4.9"
"2021/11/03","22:48","3.61","-","4.7"
"2021/11/03","22:54","3.385","-","4.51"
"2021/11/03","23:00","3.16","-","4.29"
"2021/11/03","23:06","2.938","-","4.08"
"2021/11/03","23:12","2.717","-","3.86"
"2021/11/03","23:18","2.5","-","3.66"
"2021/11/03","23:24","2.286","-","3.45"
"2021/11/03","23:30","2.076","-","3.25"
"2021/11/03","23:36","1.87","-","3.04"
"2021/11/03","23:42","1.67","-","2.82"
"2021/11/03","23:48","1.476","-","2.66"
"2021/11/03","23:54","1.289","-","2.47"
"2021/11/04","00:00","1.109","-","2.26"
"2021/11/04","00:06","0.937","-","2.08"
"2021/11/04","00:12","0.773","-","1.91"
"2021/11/04","00:18","0.619","-","1.72"
"2021/11/04","00:24","0.475","-","1.57"
"2021/11/04","00:30","0.342","-","1.43"
"2021/11/04","00:36","0.219","-","1.3"
"2021/11/04","00:42","0.109","-","1.16"
"2021/11/04","00:48","0.01","-","1.08"
"2021/11/04","00:54","-0.076","-","0.99"
"2021/11/04","01:00","-0.15","-","0.86"
"2021/11/04","01:06","-0.21","-","0.74"
"2021/11/04","01:12","-0.257","-","0.7"
"2021/11/04","01:18","-0.291","-","0.64"
"2021/11/04","01:24","-0.312","-","0.56"
"2021/11/04","01:30","-0.319","-","0.53"
"2021/11/04","01:36","-0.314","-","0.55"
"2021/11/04","01:42","-0.295","-","0.58"
"2021/11/04","01:48","-0.264","-","0.59"
"2021/11/04","01:54","-0.22","-","0.61"
"2021/11/04","02:00","-0.164","-","0.69"
"2021/11/04","02:06","-0.097","-","0.71"
"2021/11/04","02:12","-0.018","-","0.74"
"2021/11/04","02:18","0.07","-","0.79"
"2021/11/04","02:24","0.169","-","0.92"
"2021/11/04","02:30","0.278","-","1.03"
"2021/11/04","02:36","0.395","-","1.16"
"2021/11/04","02:42","0.52","-","1.29"
"2021/11/04","02:48","0.653","-","1.42"
"2021/11/04","02:54","0.794","-","1.6"
"2021/11/04","03:00","0.941","-","1.7"
"2021/11/04","03:06","1.093","-","1.88"
"2021/11/04","03:12","1.251","-","2.01"
"2021/11/04","03:18","1.414","-","2.13"
"2021/11/04","03:24","1.582","-","2.29"
"2021/11/04","03:30","1.753","-","2.47"
"2021/11/04","03:36","1.928","-","2.67"
"2021/11/04","03:42","2.106","-","2.81"
"2021/11/04","03:48","2.286","-","3.03"
"2021/11/04","03:54","2.468","-","3.21"
"2021/11/04","04:00","2.653","-","3.35"
"2021/11/04","04:06","2.838","-","3.51"
"2021/11/04","04:12","3.025","-","3.67"
"2021/11/04","04:18","3.213","-","3.86"
"2021/11/04","04:24","3.402","-","4.05"
"2021/11/04","04:30","3.59","-","4.26"
"2021/11/04","04:36","3.778","-","4.43"
"2021/11/04","04:42","3.966","-","4.55"
"2021/11/04","04:48","4.154","-","4.75"
"2021/11/04","04:54","4.34","-","4.96"
"2021/11/04","05:00","4.525","-","5.15"
"2021/11/04","05:06","4.709","-","5.3"
"2021/11/04","05:12","4.89","-","5.49"
"2021/11/04","05:18","5.07","-","5.61"
"2021/11/04","05:24","5.247","-","5.8"
"2021/11/04","05:30","5.421","-","5.96"
"2021/11/04","05:36","5.592","-","6.11"
"2021/11/04","05:42","5.76","-","6.3"
"2021/11/04","05:48","5.923","-","6.49"
"2021/11/04","05:54","6.083","-","6.66"
"2021/11/04","06:00","6.238","-","6.76"
"2021/11/04","06:06","6.388","-","6.89"
"2021/11/04","06:12","6.533","-","7"
"2021/11/04","06:18","6.673","-","7.13"
"2021/11/04","06:24","6.806","-","7.3"
"2021/11/04","06:30","6.933","-","7.48"
"2021/11/04","06:36","7.054","-","7.58"
"2021/11/04","06:42","7.168","-","7.76"
"2021/11/04","06:48","7.274","-","7.92"
"2021/11/04","06:54","7.373","-","7.99"
"2021/11/04","07:00","7.463","-","8.11"
"2021/11/04","07:06","7.546","-","8.27"
"2021/11/04","07:12","7.619","-","8.32"
"2021/11/04","07:18","7.684","-","8.41"
"2021/11/04","07:24","7.74","-","8.47"
"2021/11/04","07:30","7.787","-","8.54"
"2021/11/04","07:36","7.824","-","8.64"
"2021/11/04","07:42","7.851","-","8.7"
"2021/11/04","07:48","7.869","-","8.83"
"2021/11/04","07:54","7.877","-","8.86"
"2021/11/04","08:00","7.875","-","8.91"
"2021/11/04","08:06","7.863","-","8.96"
"2021/11/04","08:12","7.841","-","8.95"
"2021/11/04","08:18","7.809","-","8.94"
"2021/11/04","08:24","7.768","-","8.79"
"2021/11/04","08:30","7.717","-","8.76"
"2021/11/04","08:36","7.656","-","8.66"
"2021/11/04","08:42","7.587","-","8.62"
"2021/11/04","08:48","7.508","-","8.53"
"2021/11/04","08:54","7.421","-","8.43"
"2021/11/04","09:00","7.326","-","8.3"
"2021/11/04","09:06","7.223","-","8.17"
"2021/11/04","09:12","7.112","-","8.09"
"2021/11/04","09:18","6.994","-","7.99"
"2021/11/04","09:24","6.87","-","7.92"
"2021/11/04","09:30","6.739","-","7.8"
"2021/11/04","09:36","6.602","-","7.72"
"2021/11/04","09:42","6.46","-","7.53"
"2021/11/04","09:48","6.313","-","7.37"
"2021/11/04","09:54","6.162","-","7.25"
"2021/11/04","10:00","6.006","-","7.11"
"2021/11/04","10:06","5.847","-","6.95"
"2021/11/04","10:12","5.685","-","6.85"
"2021/11/04","10:18","5.52","-","6.71"
"2021/11/04","10:24","5.353","-","6.52"
"2021/11/04","10:30","5.183","-","6.41"
"2021/11/04","10:36","5.012","-","6.31"
"2021/11/04","10:42","4.84","-","6.17"
"2021/11/04","10:48","4.667","-","5.98"
"2021/11/04","10:54","4.493","-","5.79"
"2021/11/04","11:00","4.32","-","5.65"
"2021/11/04","11:06","4.147","-","5.48"
"2021/11/04","11:12","3.975","-","5.34"
"2021/11/04","11:18","3.804","-","5.15"
"2021/11/04","11:24","3.635","-","5"
"2021/11/04","11:30","3.469","-","4.86"
"2021/11/04","11:36","3.304","-","4.73"
"2021/11/04","11:42","3.144","-","4.59"
"2021/11/04","11:48","2.987","-","4.45"
"2021/11/04","11:54","2.834","-","4.34"
"2021/11/04","12:00","2.686","-","4.19"
"2021/11/04","12:06","2.544","-","4.08"
"2021/11/04","12:12","2.408","-","3.94"
"2021/11/04","12:18","2.279","-","3.77"
"2021/11/04","12:24","2.157","-","3.68"
"2021/11/04","12:30","2.043","-","3.5"
"2021/11/04","12:36","1.937","-","3.38"
"2021/11/04","12:42","1.841","-","3.34"
"2021/11/04","12:48","1.754","-","3.29"
"2021/11/04","12:54","1.678","-","3.21"
"2021/11/04","13:00","1.612","-","3.14"
"2021/11/04","13:06","1.557","-","3.06"
"2021/11/04","13:12","1.514","-","3.06"
"2021/11/04","13:18","1.482","-","3.01"
"2021/11/04","13:24","1.463","-","3.02"
"2021/11/04","13:30","1.456","-","3.02"
"2021/11/04","13:36","1.461","-","3.06"
"2021/11/04","13:42","1.478","-","3.14"
"2021/11/04","13:48","1.507","-","3.15"
"2021/11/04","13:54","1.549","-","3.25"
"2021/11/04","14:00","1.603","-","3.2"
"2021/11/04","14:06","1.668","-","3.19"
"2021/11/04","14:12","1.745","-","3.17"
"2021/11/04","14:18","1.832","-","3.3"
"2021/11/04","14:24","1.93","-","3.32"
"2021/11/04","14:30","2.038","-","3.36"
"2021/11/04","14:36","2.156","-","3.45"
"2021/11/04","14:42","2.282","-","3.53"
"2021/11/04","14:48","2.417","-","3.66"
"2021/11/04","14:54","2.56","-","3.76"
"2021/11/04","15:00","2.709","-","3.83"
"2021/11/04","15:06","2.865","-","3.96"
"2021/11/04","15:12","3.027","-","4.09"
"2021/11/04","15:18","3.193","-","4.24"
"2021/11/04","15:24","3.365","-","4.32"
"2021/11/04","15:30","3.54","-","4.49"
"2021/11/04","15:36","3.719","-","4.65"
"2021/11/04","15:42","3.9","-","4.79"
"2021/11/04","15:48","4.084","-","4.88"
"2021/11/04","15:54","4.27","-","5.02"
"2021/11/04","16:00","4.456","-","5.18"
"2021/11/04","16:06","4.644","-","5.33"
"2021/11/04","16:12","4.833","-","5.47"
"2021/11/04","16:18","5.021","-","5.65"
"2021/11/04","16:24","5.209","-","5.83"
"2021/11/04","16:30","5.397","-","6"
"2021/11/04","16:36","5.584","-","6.17"
"2021/11/04","16:42","5.77","-","6.37"
"2021/11/04","16:48","5.954","-","6.56"
"2021/11/04","16:54","6.136","-","6.75"
"2021/11/04","17:00","6.317","-","6.92"
"2021/11/04","17:06","6.495","-","7.08"
"2021/11/04","17:12","6.67","-","7.28"
"2021/11/04","17:18","6.843","-","7.51"
"2021/11/04","17:24","7.013","-","7.68"
"2021/11/04","17:30","7.18","-","7.85"
"2021/11/04","17:36","7.343","-","8.05"
"2021/11/04","17:42","7.502","-","8.26"
"2021/11/04","17:48","7.658","-","8.39"
"2021/11/04","17:54","7.809","-","8.56"
"2021/11/04","18:00","7.955","-","8.71"
"2021/11/04","18:06","8.096","-","8.84"
"2021/11/04","18:12","8.233","-","9"
"2021/11/04","18:18","8.363","-","9.12"
"2021/11/04","18:24","8.488","-","9.26"
"2021/11/04","18:30","8.607","-","9.43"
"2021/11/04","18:36","8.719","-","9.55"
"2021/11/04","18:42","8.824","-","9.72"
"2021/11/04","18:48","8.923","-","9.83"
"2021/11/04","18:54","9.014","-","9.97"
"2021/11/04","19:00","9.097","-","10.11"
"2021/11/04","19:06","9.171","-","10.22"
"2021/11/04","19:12","9.238","-","10.31"
"2021/11/04","19:18","9.295","-","10.4"
"2021/11/04","19:24","9.344","-","10.45"
"2021/11/04","19:30","9.383","-","10.53"
"2021/11/04","19:36","9.412","-","10.55"
"2021/11/04","19:42","9.432","-","10.61"
"2021/11/04","19:48","9.441","-","10.63"
"2021/11/04","19:54","9.44","-","10.69"
"2021/11/04","20:00","9.428","-","10.71"
"2021/11/04","20:06","9.405","-","10.68"
"2021/11/04","20:12","9.371","-","10.57"
"2021/11/04","20:18","9.327","-","10.53"
"2021/11/04","20:24","9.271","-","10.47"
"2021/11/04","20:30","9.204","-","10.38"
"2021/11/04","20:36","9.126","-","10.32"
"2021/11/04","20:42","9.037","-","10.24"
"2021/11/04","20:48","8.937","-","10.09"
"2021/11/04","20:54","8.826","-","9.94"
"2021/11/04","21:00","8.705","-","9.85"
"2021/11/04","21:06","8.573","-","9.7"
"2021/11/04","21:12","8.431","-","9.54"
"2021/11/04","21:18","8.279","-","9.41"
"2021/11/04","21:24","8.118","-","9.24"
"2021/11/04","21:30","7.948","-","9.12"
"2021/11/04","21:36","7.768","-","8.96"
"2021/11/04","21:42","7.581","-","8.76"
"2021/11/04","21:48","7.386","-","8.6"
"2021/11/04","21:54","7.183","-","8.38"
"2021/11/04","22:00","6.974","-","8.16"
"2021/11/04","22:06","6.758","-","8"
"2021/11/04","22:12","6.536","-","7.81"
"2021/11/04","22:18","6.309","-","7.59"
"2021/11/04","22:24","6.077","-","7.38"
"2021/11/04","22:30","5.84","-","7.17"
"2021/11/04","22:36","5.6","-","6.92"
"2021/11/04","22:42","5.356","-","6.71"
"2021/11/04","22:48","5.109","-","6.5"
"2021/11/04","22:54","4.86","-","6.28"
"2021/11/04","23:00","4.608","-","6.06"
"2021/11/04","23:06","4.356","-","5.81"
"2021/11/04","23:12","4.102","-","5.61"
"2021/11/04","23:18","3.847","-","5.36"
"2021/11/04","23:24","3.593","-","5.13"
"2021/11/04","23:30","3.339","-","4.88"
"2021/11/04","23:36","3.086","-","4.62"
"2021/11/04","23:42","2.834","-","4.39"
"2021/11/04","23:48","2.585","-","4.17"
"2021/11/04","23:54","2.338","-","3.92"
"2021/11/05","00:00","2.095","-","3.69"
"2021/11/05","00:06","1.855","-","3.46"
"2021/11/05","00:12","1.62","-","3.2"
"2021/11/05","00:18","1.39","-","2.95"
"2021/11/05","00:24","1.166","-","2.7"
"2021/11/05","00:30","0.948","-","2.44"
"2021/11/05","00:36","0.738","-","2.22"
"2021/11/05","00:42","0.536","-","2"
"2021/11/05","00:48","0.342","-","1.79"
"2021/11/05","00:54","0.158","-","1.56"
"2021/11/05","01:00","-0.017","-","1.36"
"2021/11/05","01:06","-0.18","-","1.18"
"2021/11/05","01:12","-0.332","-","1"
"2021/11/05","01:18","-0.473","-","0.79"
"2021/11/05","01:24","-0.601","-","0.63"
"2021/11/05","01:30","-0.715","-","0.44"
"2021/11/05","01:36","-0.817","-","0.31"
"2021/11/05","01:42","-0.905","-","0.17"
"2021/11/05","01:48","-0.978","-","0.07"
"2021/11/05","01:54","-1.037","-","-0.06"
"2021/11/05","02:00","-1.082","-","-0.17"
"2021/11/05","02:06","-1.112","-","-0.23"
"2021/11/05","02:12","-1.128","-","-0.26"
"2021/11/05","02:18","-1.129","-","-0.29"
"2021/11/05","02:24","-1.116","-","-0.32"
"2021/11/05","02:30","-1.088","-","-0.3"
"2021/11/05","02:36","-1.047","-","-0.24"
"2021/11/05","02:42","-0.992","-","-0.16"
"2021/11/05","02:48","-0.925","-","-0.11"
"2021/11/05","02:54","-0.845","-","0.01"
"2021/11/05","03:00","-0.753","-","0.12"
"2021/11/05","03:06","-0.649","-","0.17"
"2021/11/05","03:12","-0.535","-","0.31"
"2021/11/05","03:18","-0.411","-","0.41"
"2021/11/05","03:24","-0.277","-","0.54"
"2021/11/05","03:30","-0.135","-","0.71"
"2021/11/05","03:36","0.016","-","0.86"
"2021/11/05","03:42","0.175","-","1.08"
"2021/11/05","03:48","0.34","-","1.31"
"2021/11/05","03:54","0.511","-","1.43"
"2021/11/05","04:00","0.688","-","1.59"
"2021/11/05","04:06","0.87","-","1.78"
"2021/11/05","04:12","1.057","-","1.9"
"2021/11/05","04:18","1.247","-","2.11"
"2021/11/05","04:24","1.441","-","2.32"
"2021/11/05","04:30","1.638","-","2.47"
"2021/11/05","04:36","1.837","-","2.7"
"2021/11/05","04:42","2.039","-","2.91"
"2021/11/05","04:48","2.242","-","3.07"
"2021/11/05","04:54","2.446","-","3.3"
"2021/11/05","05:00","2.651","-","3.48"
"2021/11/05","05:06","2.857","-","3.72"
"2021/11/05","05:12","3.063","-","3.85"
"2021/11/05","05:18","3.269","-","4.02"
"2021/11/05","05:24","3.474","-","4.24"
"2021/11/05","05:30","3.679","-","4.39"
"2021/11/05","05:36","3.883","-","4.59"
"2021/11/05","05:42","4.085","-","4.83"
"2021/11/05","05:48","4.286","-","4.98"
"2021/11/05","05:54","4.485","-","5.22"
"2021/11/05","06:00","4.682","-","5.34"
"2021/11/05","06:06","4.877","-","5.53"
"2021/11/05","06:12","5.069","-","5.7"
"2021/11/05","06:18","5.257","-","5.89"
"2021/11/05","06:24","5.443","-","6.03"
"2021/11/05","06:30","5.624","-","6.27"
"2021/11/05","06:36","5.802","-","6.46"
"2021/11/05","06:42","5.975","-","6.61"
"2021/11/05","06:48","6.144","-","6.8"
"2021/11/05","06:54","6.307","-","6.93"
"2021/11/05","07:00","6.465","-","7.08"
"2021/11/05","07:06","6.618","-","7.27"
"2021/11/05","07:12","6.764","-","7.43"
"2021/11/05","07:18","6.904","-","7.61"
"2021/11/05","07:24","7.037","-","7.76"
"2021/11/05","07:30","7.163","-","7.96"
"2021/11/05","07:36","7.281","-","8.08"
"2021/11/05","07:42","7.392","-","8.12"
"2021/11/05","07:48","7.495","-","8.26"
"2021/11/05","07:54","7.589","-","8.44"
"2021/11/05","08:00","7.674","-","8.5"
"2021/11/05","08:06","7.75","-","8.6"
"2021/11/05","08:12","7.817","-","8.73"
"2021/11/05","08:18","7.875","-","8.79"
"2021/11/05","08:24","7.922","-","8.82"
"2021/11/05","08:30","7.96","-","8.92"
"2021/11/05","08:36","7.988","-","8.99"
"2021/11/05","08:42","8.006","-","8.97"
"2021/11/05","08:48","8.013","-","8.99"
"2021/11/05","08:54","8.01","-","9.04"
"2021/11/05","09:00","7.997","-","9.07"
"2021/11/05","09:06","7.973","-","9.04"
"2021/11/05","09:12","7.939","-","8.99"
"2021/11/05","09:18","7.896","-","8.98"
"2021/11/05","09:24","7.842","-","8.91"
"2021/11/05","09:30","7.779","-","8.9"
"2021/11/05","09:36","7.707","-","8.78"
"2021/11/05","09:42","7.626","-","8.67"
"2021/11/05","09:48","7.535","-","8.57"
"2021/11/05","09:54","7.437","-","8.48"
"2021/11/05","10:00","7.33","-","8.37"
"2021/11/05","10:06","7.216","-","8.29"
"2021/11/05","10:12","7.095","-","8.18"
"2021/11/05","10:18","6.968","-","8.08"
"2021/11/05","10:24","6.834","-","7.89"
"2021/11/05","10:30","6.694","-","7.8"
"2021/11/05","10:36","6.549","-","7.67"
"2021/11/05","10:42","6.399","-","7.47"
"2021/11/05","10:48","6.246","-","7.35"
"2021/11/05","10:54","6.088","-","7.19"
"2021/11/05","11:00","5.927","-","7.07"
"2021/11/05","11:06","5.763","-","6.92"
"2021/11/05","11:12","5.596","-","6.79"
"2021/11/05","11:18","5.428","-","6.62"
"2021/11/05","11:24","5.258","-","6.45"
"2021/11/05","11:30","5.087","-","6.3"
"2021/11/05","11:36","4.916","-","6.23"
"2021/11/05","11:42","4.744","-","6.12"
"2021/11/05","11:48","4.572","-","5.9"
"2021/11/05","11:54","4.401","-","5.68"
"2021/11/05","12:00","4.231","-","5.46"
"2021/11/05","12:06","4.063","-","5.25"
"2021/11/05","12:12","3.897","-","5.09"
"2021/11/05","12:18","3.734","-","4.98"
"2021/11/05","12:24","3.573","-","4.89"
"2021/11/05","12:30","3.417","-","4.77"
"2021/11/05","12:36","3.264","-","4.66"
"2021/11/05","12:42","3.116","-","4.54"
"2021/11/05","12:48","2.974","-","4.39"
"2021/11/05","12:54","2.838","-","4.24"
"2021/11/05","13:00","2.708","-","4.09"
"2021/11/05","13:06","2.585","-","3.96"
"2021/11/05","13:12","2.47","-","3.86"
"2021/11/05","13:18","2.363","-","3.75"
"2021/11/05","13:24","2.266","-","3.6"
"2021/11/05","13:30","2.178","-","3.5"
"2021/11/05","13:36","2.099","-","3.41"
"2021/11/05","13:42","2.032","-","3.29"
"2021/11/05","13:48","1.975","-","3.22"
"2021/11/05","13:54","1.93","-","3.12"
"2021/11/05","14:00","1.897","-","3.04"
"2021/11/05","14:06","1.875","-","3.01"
"2021/11/05","14:12","1.866","-","2.97"
"2021/11/05","14:18","1.87","-","2.97"
"2021/11/05","14:24","1.885","-","2.98"
"2021/11/05","14:30","1.914","-","2.99"
"2021/11/05","14:36","1.954","-","3"
"2021/11/05","14:42","2.007","-","3.05"
"2021/11/05","14:48","2.072","-","3.08"
"2021/11/05","14:54","2.149","-","3.15"
"2021/11/05","15:00","2.237","-","3.2"
"2021/11/05","15:06","2.336","-","3.3"
"2021/11/05","15:12","2.445","-","3.41"
"2021/11/05","15:18","2.564","-","3.47"
"2021/11/05","15:24","2.693","-","3.59"
"2021/11/05","15:30","2.83","-","3.73"
"2021/11/05","15:36","2.975","-","3.87"
"2021/11/05","15:42","3.128","-","4.02"
"2021/11/05","15:48","3.287","-","4.12"
"2021/11/05","15:54","3.453","-","4.29"
"2021/11/05","16:00","3.623","-","4.44"
"2021/11/05","16:06","3.799","-","4.61"
"2021/11/05","16:12","3.978","-","4.76"
"2021/11/05","16:18","4.161","-","4.94"
"2021/11/05","16:24","4.346","-","5.1"
"2021/11/05","16:30","4.534","-","5.3"
"2021/11/05","16:36","4.723","-","5.45"
"2021/11/05","16:42","4.913","-","5.64"
"2021/11/05","16:48","5.104","-","5.82"
"2021/11/05","16:54","5.295","-","5.96"
"2021/11/05","17:00","5.486","-","6.17"
"2021/11/05","17:06","5.676","-","6.37"
"2021/11/05","17:12","5.865","-","6.53"
"2021/11/05","17:18","6.053","-","6.7"
"2021/11/05","17:24","6.239","-","6.87"
"2021/11/05","17:30","6.423","-","7.09"
"2021/11/05","17:36","6.605","-","7.26"
"2021/11/05","17:42","6.784","-","7.43"
"2021/11/05","17:48","6.96","-","7.61"
"2021/11/05","17:54","7.134","-","7.75"
"2021/11/05","18:00","7.304","-","7.97"
"2021/11/05","18:06","7.471","-","8.15"
"2021/11/05","18:12","7.634","-","8.28"
"2021/11/05","18:18","7.793","-","8.46"
"2021/11/05","18:24","7.948","-","8.65"
"2021/11/05","18:30","8.099","-","8.77"
"2021/11/05","18:36","8.245","-","8.94"
"2021/11/05","18:42","8.386","-","9.11"
"2021/11/05","18:48","8.522","-","9.27"
"2021/11/05","18:54","8.652","-","9.43"
"2021/11/05","19:00","8.777","-","9.58"
"2021/11/05","19:06","8.896","-","9.72"
"2021/11/05","19:12","9.009","-","9.82"
"2021/11/05","19:18","9.115","-","9.97"
"2021/11/05","19:24","9.214","-","10.08"
"2021/11/05","19:30","9.306","-","10.19"
"2021/11/05","19:36","9.391","-","10.33"
"2021/11/05","19:42","9.468","-","10.42"
"2021/11/05","19:48","9.537","-","10.48"
"2021/11/05","19:54","9.597","-","10.55"
"2021/11/05","20:00","9.649","-","10.62"
"2021/11/05","20:06","9.691","-","10.68"
"2021/11/05","20:12","9.724","-","10.7"
"2021/11/05","20:18","9.748","-","10.7"
"2021/11/05","20:24","9.762","-","10.71"
"2021/11/05","20:30","9.765","-","10.71"
"2021/11/05","20:36","9.758","-","10.71"
"2021/11/05","20:42","9.74","-","10.66"
"2021/11/05","20:48","9.711","-","10.62"
"2021/11/05","20:54","9.672","-","10.55"
"2021/11/05","21:00","9.621","-","10.45"
"2021/11/05","21:06","9.558","-","10.35"
"2021/11/05","21:12","9.485","-","10.29"
"2021/11/05","21:18","9.4","-","10.16"
"2021/11/05","21:24","9.303","-","10.06"
"2021/11/05","21:30","9.195","-","9.95"
"2021/11/05","21:36","9.076","-","9.82"
"2021/11/05","21:42","8.946","-","9.71"
"2021/11/05","21:48","8.805","-","9.56"
"2021/11/05","21:54","8.653","-","9.41"
"2021/11/05","22:00","8.491","-","9.23"
"2021/11/05","22:06","8.319","-","9.06"
"2021/11/05","22:12","8.137","-","8.89"
"2021/11/05","22:18","7.945","-","8.68"
"2021/11/05","22:24","7.745","-","8.48"
"2021/11/05","22:30","7.537","-","8.3"
"2021/11/05","22:36","7.32","-","8.11"
"2021/11/05","22:42","7.096","-","7.9"
"2021/11/05","22:48","6.865","-","7.71"
"2021/11/05","22:54","6.628","-","7.48"
"2021/11/05","23:00","6.384","-","7.26"
"2021/11/05","23:06","6.136","-","7.02"
"2021/11/05","23:12","5.882","-","6.8"
"2021/11/05","23:18","5.625","-","6.57"
"2021/11/05","23:24","5.364","-","6.35"
"2021/11/05","23:30","5.099","-","6.09"
"2021/11/05","23:36","4.832","-","5.84"
"2021/11/05","23:42","4.563","-","5.59"
"2021/11/05","23:48","4.293","-","5.34"
"2021/11/05","23:54","4.022","-","5.1"
"2021/11/06","00:00","3.75","-","4.86"
"2021/11/06","00:06","3.478","-","4.61"
"2021/11/06","00:12","3.207","-","4.38"
"2021/11/06","00:18","2.937","-","4.13"
"2021/11/06","00:24","2.669","-","3.87"
"2021/11/06","00:30","2.403","-","3.59"
"2021/11/06","00:36","2.14","-","3.35"
"2021/11/06","00:42","1.881","-","3.11"
"2021/11/06","00:48","1.625","-","2.84"
"2021/11/06","00:54","1.375","-","2.6"
"2021/11/06","01:00","1.13","-","2.35"
"2021/11/06","01:06","0.891","-","2.11"
"2021/11/06","01:12","0.658","-","1.86"
"2021/11/06","01:18","0.433","-","1.6"
"2021/11/06","01:24","0.216","-","1.34"
"2021/11/06","01:30","0.008","-","1.09"
"2021/11/06","01:36","-0.19","-","0.87"
"2021/11/06","01:42","-0.378","-","0.65"
"2021/11/06","01:48","-0.556","-","0.4"
"2021/11/06","01:54","-0.721","-","0.17"
"2021/11/06","02:00","-0.875","-","-0.03"
"2021/11/06","02:06","-1.016","-","-0.21"
"2021/11/06","02:12","-1.144","-","-0.36"
"2021/11/06","02:18","-1.258","-","-0.51"
"2021/11/06","02:24","-1.358","-","-0.68"
"2021/11/06","02:30","-1.443","-","-0.8"
"2021/11/06","02:36","-1.514","-","-0.91"
"2021/11/06","02:42","-1.57","-","-1.05"
"2021/11/06","02:48","-1.61","-","-1.13"
"2021/11/06","02:54","-1.636","-","-1.15"
"2021/11/06","03:00","-1.646","-","-1.18"
"2021/11/06","03:06","-1.641","-","-1.16"
"2021/11/06","03:12","-1.621","-","-1.12"
"2021/11/06","03:18","-1.587","-","-1.1"
"2021/11/06","03:24","-1.539","-","-1.03"
"2021/11/06","03:30","-1.476","-","-0.94"
"2021/11/06","03:36","-1.401","-","-0.84"
"2021/11/06","03:42","-1.312","-","-0.7"
"2021/11/06","03:48","-1.211","-","-0.55"
"2021/11/06","03:54","-1.099","-","-0.4"
"2021/11/06","04:00","-0.976","-","-0.26"
"2021/11/06","04:06","-0.842","-","-0.11"
"2021/11/06","04:12","-0.699","-","0.07"
"2021/11/06","04:18","-0.546","-","0.23"
"2021/11/06","04:24","-0.386","-","0.43"
"2021/11/06","04:30","-0.218","-","0.6"
"2021/11/06","04:36","-0.043","-","0.76"
"2021/11/06","04:42","0.138","-","0.94"
"2021/11/06","04:48","0.325","-","1.13"
"2021/11/06","04:54","0.516","-","1.3"
"2021/11/06","05:00","0.712","-","1.49"
"2021/11/06","05:06","0.912","-","1.69"
"2021/11/06","05:12","1.114","-","1.87"
"2021/11/06","05:18","1.32","-","2.07"
"2021/11/06","05:24","1.528","-","2.24"
"2021/11/06","05:30","1.737","-","2.45"
"2021/11/06","05:36","1.949","-","2.67"
"2021/11/06","05:42","2.161","-","2.87"
"2021/11/06","05:48","2.373","-","3.07"
"2021/11/06","05:54","2.587","-","3.27"
"2021/11/06","06:00","2.8","-","3.47"
"2021/11/06","06:06","3.013","-","3.64"
"2021/11/06","06:12","3.225","-","3.85"
"2021/11/06","06:18","3.436","-","4.04"
"2021/11/06","06:24","3.647","-","4.21"
"2021/11/06","06:30","3.855","-","4.45"
"2021/11/06","06:36","4.063","-","4.65"
"2021/11/06","06:42","4.268","-","4.84"
"2021/11/06","06:48","4.471","-","5"
"2021/11/06","06:54","4.672","-","5.19"
"2021/11/06","07:00","4.87","-","5.4"
"2021/11/06","07:06","5.064","-","5.56"
"2021/11/06","07:12","5.256","-","5.76"
"2021/11/06","07:18","5.444","-","5.89"
"2021/11/06","07:24","5.628","-","6.1"
"2021/11/06","07:30","5.807","-","6.25"
"2021/11/06","07:36","5.982","-","6.45"
"2021/11/06","07:42","6.152","-","6.62"
"2021/11/06","07:48","6.317","-","6.78"
"2021/11/06","07:54","6.477","-","6.97"
"2021/11/06","08:00","6.63","-","7.15"
"2021/11/06","08:06","6.777","-","7.29"
"2021/11/06","08:12","6.918","-","7.43"
"2021/11/06","08:18","7.051","-","7.59"
"2021/11/06","08:24","7.178","-","7.7"
"2021/11/06","08:30","7.296","-","7.85"
"2021/11/06","08:36","7.407","-","8.01"
"2021/11/06","08:42","7.509","-","8.12"
"2021/11/06","08:48","7.603","-","8.23"
"2021/11/06","08:54","7.688","-","8.35"
"2021/11/06","09:00","7.763","-","8.44"
"2021/11/06","09:06","7.829","-","8.52"
"2021/11/06","09:12","7.886","-","8.61"
"2021/11/06","09:18","7.932","-","8.67"
"2021/11/06","09:24","7.969","-","8.75"
"2021/11/06","09:30","7.995","-","8.73"
"2021/11/06","09:36","8.012","-","8.72"
"2021/11/06","09:42","8.018","-","8.8"
"2021/11/06","09:48","8.013","-","8.81"
"2021/11/06","09:54","7.998","-","8.8"
"2021/11/06","10:00","7.973","-","8.71"
"2021/11/06","10:06","7.939","-","8.65"
"2021/11/06","10:12","7.894","-","8.65"
"2021/11/06","10:18","7.839","-","8.61"
"2021/11/06","10:24","7.775","-","8.54"
"2021/11/06","10:30","7.702","-","8.41"
"2021/11/06","10:36","7.62","-","8.3"
"2021/11/06","10:42","7.529","-","8.22"
"2021/11/06","10:48","7.43","-","8.11"
"2021/11/06","10:54","7.324","-","8.04"
"2021/11/06","11:00","7.211","-","7.9"
"2021/11/06","11:06","7.091","-","7.83"
"2021/11/06","11:12","6.964","-","7.68"
"2021/11/06","11:18","6.832","-","7.53"
"2021/11/06","11:24","6.694","-","7.42"
"2021/11/06","11:30","6.552","-","7.28"
"2021/11/06","11:36","6.406","-","7.14"
"2021/11/06","11:42","6.255","-","7.02"
"2021/11/06","11:48","6.102","-","6.91"
"2021/11/06","11:54","5.945","-","6.74"
"2021/11/06","12:00","5.787","-","6.62"
"2021/11/06","12:06","5.626","-","6.47"
"2021/11/06","12:12","5.465","-","6.35"
"2021/11/06","12:18","5.302","-","6.17"
"2021/11/06","12:24","5.139","-","6"
"2021/11/06","12:30","4.976","-","5.83"
"2021/11/06","12:36","4.813","-","5.66"
"2021/11/06","12:42","4.651","-","5.52"
"2021/11/06","12:48","4.491","-","5.39"
"2021/11/06","12:54","4.332","-","5.24"
"2021/11/06","13:00","4.176","-","5.11"
"2021/11/06","13:06","4.022","-","4.96"
"2021/11/06","13:12","3.872","-","4.86"
"2021/11/06","13:18","3.726","-","4.69"
"2021/11/06","13:24","3.584","-","4.61"
"2021/11/06","13:30","3.447","-","4.45"
"2021/11/06","13:36","3.315","-","4.34"
"2021/11/06","13:42","3.19","-","4.21"
"2021/11/06","13:48","3.071","-","4.05"
"2021/11/06","13:54","2.959","-","3.95"
"2021/11/06","14:00","2.855","-","3.87"
"2021/11/06","14:06","2.76","-","3.75"
"2021/11/06","14:12","2.673","-","3.67"
"2021/11/06","14:18","2.595","-","3.59"
"2021/11/06","14:24","2.528","-","3.48"
"2021/11/06","14:30","2.471","-","3.46"
"2021/11/06","14:36","2.424","-","3.41"
"2021/11/06","14:42","2.389","-","3.33"
"2021/11/06","14:48","2.366","-","3.33"
"2021/11/06","14:54","2.354","-","3.27"
"2021/11/06","15:00","2.354","-","3.26"
"2021/11/06","15:06","2.366","-","3.28"
"2021/11/06","15:12","2.39","-","3.34"
"2021/11/06","15:18","2.426","-","3.4"
"2021/11/06","15:24","2.474","-","3.47"
"2021/11/06","15:30","2.534","-","3.5"
"2021/11/06","15:36","2.606","-","3.67"
"2021/11/06","15:42","2.689","-","3.75"
"2021/11/06","15:48","2.783","-","3.77"
"2021/11/06","15:54","2.887","-","3.85"
"2021/11/06","16:00","3.001","-","3.96"
"2021/11/06","16:06","3.124","-","4.06"
"2021/11/06","16:12","3.256","-","4.18"
"2021/11/06","16:18","3.397","-","4.33"
"2021/11/06","16:24","3.544","-","4.5"
"2021/11/06","16:30","3.699","-","4.63"
"2021/11/06","16:36","3.859","-","4.78"
"2021/11/06","16:42","4.025","-","4.96"
"2021/11/06","16:48","4.196","-","5.14"
"2021/11/06","16:54","4.371","-","5.22"
"2021/11/06","17:00","4.549","-","5.39"
"2021/11/06","17:06","4.73","-","5.54"
"2021/11/06","17:12","4.912","-","5.71"
"2021/11/06","17:18","5.097","-","5.91"
"2021/11/06","17:24","5.282","-","6.1"
"2021/11/06","17:30","5.467","-","6.29"
"2021/11/06","17:36","5.653","-","6.43"
"2021/11/06","17:42","5.838","-","6.61"
"2021/11/06","17:48","6.022","-","6.79"
"2021/11/06","17:54","6.205","-","6.96"
"2021/11/06","18:00","6.386","-","7.1"
"2021/11/06","18:06","6.565","-","7.28"
"2021/11/06","18:12","6.742","-","7.39"
"2021/11/06","18:18","6.917","-","7.55"
"2021/11/06","18:24","7.088","-","7.74"
"2021/11/06","18:30","7.257","-","7.88"
"2021/11/06","18:36","7.422","-","8.08"
"2021/11/06","18:42","7.584","-","8.27"
"2021/11/06","18:48","7.742","-","8.48"
"2021/11/06","18:54","7.897","-","8.62"
"2021/11/06","19:00","8.047","-","8.74"
"2021/11/06","19:06","8.194","-","8.92"
"2021/11/06","19:12","8.336","-","9.04"
"2021/11/06","19:18","8.473","-","9.16"
"2021/11/06","19:24","8.605","-","9.31"
"2021/11/06","19:30","8.733","-","9.46"
"2021/11/06","19:36","8.855","-","9.59"
"2021/11/06","19:42","8.972","-","9.73"
"2021/11/06","19:48","9.083","-","9.91"
"2021/11/06","19:54","9.188","-","10.08"
"2021/11/06","20:00","9.287","-","10.18"
"2021/11/06","20:06","9.379","-","10.29"
"2021/11/06","20:12","9.465","-","10.36"
"2021/11/06","20:18","9.543","-","10.44"
"2021/11/06","20:24","9.614","-","10.53"
"2021/11/06","20:30","9.678","-","10.64"
"2021/11/06","20:36","9.733","-","10.68"
"2021/11/06","20:42","9.78","-","10.76"
"2021/11/06","20:48","9.819","-","10.8"
"2021/11/06","20:54","9.848","-","10.77"
"2021/11/06","21:00","9.869","-","10.79"
"2021/11/06","21:06","9.879","-","10.81"
"2021/11/06","21:12","9.88","-","10.86"
"2021/11/06","21:18","9.871","-","10.93"
"2021/11/06","21:24","9.852","-","10.9"
"2021/11/06","21:30","9.822","-","10.79"
"2021/11/06","21:36","9.781","-","10.59"
"2021/11/06","21:42","9.73","-","10.5"
"2021/11/06","21:48","9.667","-","10.42"
"2021/11/06","21:54","9.593","-","10.32"
"2021/11/06","22:00","9.508","-","10.32"
"2021/11/06","22:06","9.411","-","10.18"
"2021/11/06","22:12","9.303","-","10.08"
"2021/11/06","22:18","9.184","-","9.93"
"2021/11/06","22:24","9.054","-","9.8"
"2021/11/06","22:30","8.913","-","9.6"
"2021/11/06","22:36","8.761","-","9.5"
"2021/11/06","22:42","8.598","-","9.31"
"2021/11/06","22:48","8.425","-","9.13"
"2021/11/06","22:54","8.242","-","8.93"
"2021/11/06","23:00","8.05","-","8.69"
"2021/11/06","23:06","7.848","-","8.54"
"2021/11/06","23:12","7.638","-","8.36"
"2021/11/06","23:18","7.419","-","8.19"
"2021/11/06","23:24","7.193","-","7.97"
"2021/11/06","23:30","6.96","-","7.72"
"2021/11/06","23:36","6.719","-","7.58"
"2021/11/06","23:42","6.473","-","7.37"
"2021/11/06","23:48","6.221","-","7.17"
"2021/11/06","23:54","5.965","-","6.93"